-- phpMyAdmin SQL Dump
-- version 4.8.4
-- https://www.phpmyadmin.net/
--
-- Host: 127.0.0.1
-- Generation Time: Apr 30, 2019 at 02:57 PM
-- Server version: 10.1.37-MariaDB
-- PHP Version: 7.3.0

SET SQL_MODE = "NO_AUTO_VALUE_ON_ZERO";
SET AUTOCOMMIT = 0;
START TRANSACTION;
SET time_zone = "+00:00";


/*!40101 SET @OLD_CHARACTER_SET_CLIENT=@@CHARACTER_SET_CLIENT */;
/*!40101 SET @OLD_CHARACTER_SET_RESULTS=@@CHARACTER_SET_RESULTS */;
/*!40101 SET @OLD_COLLATION_CONNECTION=@@COLLATION_CONNECTION */;
/*!40101 SET NAMES utf8mb4 */;

--
-- Database: `mission`
--

-- --------------------------------------------------------

--
-- Table structure for table `admin_login`
--

CREATE TABLE `admin_login` (
  `email` varchar(50) NOT NULL,
  `password` varchar(15) NOT NULL,
  `name` varchar(10) NOT NULL
) ENGINE=InnoDB DEFAULT CHARSET=latin1;

--
-- Dumping data for table `admin_login`
--

INSERT INTO `admin_login` (`email`, `password`, `name`) VALUES
('bhattharsh610@gmail.com', 'Harsh7039', 'harsh'),
('pjay5095@gmail.com', 'Jay1997', 'jay');

-- --------------------------------------------------------

--
-- Table structure for table `cities`
--

CREATE TABLE `cities` (
  `city_id` int(11) NOT NULL,
  `city_name` varchar(20) NOT NULL,
  `state_id` int(11) NOT NULL,
  `state_name` varchar(25) NOT NULL
) ENGINE=InnoDB DEFAULT CHARSET=latin1;

--
-- Dumping data for table `cities`
--

INSERT INTO `cities` (`city_id`, `city_name`, `state_id`, `state_name`) VALUES
(1, 'Adilabad', 32, 'Telangana'),
(2, 'Agra', 34, 'Uttar Pradesh'),
(3, 'Ahmed Nagar', 21, 'Maharashtra'),
(4, 'Ahmedabad City', 12, 'Gujarat'),
(5, 'Aizawl', 24, 'Mizoram'),
(6, 'Ajmer', 29, 'Rajasthan'),
(7, 'Akola', 21, 'Maharashtra'),
(8, 'Aligarh', 34, 'Uttar Pradesh'),
(9, 'Allahabad', 34, 'Uttar Pradesh'),
(10, 'Alleppey', 18, 'Kerala'),
(11, 'Almora', 35, 'Uttarakhand'),
(12, 'Alwar', 29, 'Rajasthan'),
(13, 'Alwaye', 18, 'Kerala'),
(14, 'Amalapuram', 2, 'Andhra Pradesh'),
(15, 'Ambala', 13, 'Haryana'),
(16, 'Ambedkar Nagar', 34, 'Uttar Pradesh'),
(17, 'Amravati', 21, 'Maharashtra'),
(18, 'Amreli', 12, 'Gujarat'),
(19, 'Amritsar', 28, 'Punjab'),
(20, 'Anakapalle', 2, 'Andhra Pradesh'),
(21, 'Anand', 12, 'Gujarat'),
(22, 'Anantapur', 2, 'Andhra Pradesh'),
(23, 'Ananthnag', 15, 'Jammu & Kashmir'),
(24, 'Anna Road H.O', 31, 'Tamil Nadu'),
(25, 'Arakkonam', 31, 'Tamil Nadu'),
(26, 'Asansol', 36, 'West Bengal'),
(27, 'Aska', 26, 'Odisha'),
(28, 'Auraiya', 34, 'Uttar Pradesh'),
(29, 'Aurangabad', 21, 'Maharashtra'),
(30, 'Aurangabad(Bihar)', 5, 'Bihar'),
(31, 'Azamgarh', 34, 'Uttar Pradesh'),
(32, 'Bagalkot', 17, 'Karnataka'),
(33, 'Bageshwar', 35, 'Uttarakhand'),
(34, 'Bagpat', 34, 'Uttar Pradesh'),
(35, 'Bahraich', 34, 'Uttar Pradesh'),
(36, 'Balaghat', 20, 'Madhya Pradesh'),
(37, 'Balangir', 26, 'Odisha'),
(38, 'Balasore', 26, 'Odisha'),
(39, 'Ballia', 34, 'Uttar Pradesh'),
(40, 'Balrampur', 34, 'Uttar Pradesh'),
(41, 'Banasanktha', 12, 'Gujarat'),
(42, 'Banda', 34, 'Uttar Pradesh'),
(43, 'Bandipur', 15, 'Jammu & Kashmir'),
(44, 'Bankura', 36, 'West Bengal'),
(45, 'Banswara', 29, 'Rajasthan'),
(46, 'Barabanki', 34, 'Uttar Pradesh'),
(47, 'Baramulla', 15, 'Jammu & Kashmir'),
(48, 'Baran', 29, 'Rajasthan'),
(49, 'Bardoli', 12, 'Gujarat'),
(50, 'Bareilly', 34, 'Uttar Pradesh'),
(51, 'Barmer', 29, 'Rajasthan'),
(52, 'Barnala', 28, 'Punjab'),
(53, 'Barpeta', 4, 'Assam'),
(54, 'Bastar', 7, 'Chattisgarh'),
(55, 'Basti', 34, 'Uttar Pradesh'),
(56, 'Bathinda', 28, 'Punjab'),
(57, 'Beed', 21, 'Maharashtra'),
(58, 'Begusarai', 5, 'Bihar'),
(59, 'Belgaum', 17, 'Karnataka'),
(60, 'Bellary', 17, 'Karnataka'),
(61, 'Bengaluru East', 17, 'Karnataka'),
(62, 'Bengaluru South', 17, 'Karnataka'),
(63, 'Bengaluru West', 17, 'Karnataka'),
(64, 'Berhampur', 26, 'Odisha'),
(65, 'Bhadrak', 26, 'Odisha'),
(66, 'Bhagalpur', 5, 'Bihar'),
(67, 'Bhandara', 21, 'Maharashtra'),
(68, 'Bharatpur', 29, 'Rajasthan'),
(69, 'Bharuch', 12, 'Gujarat'),
(70, 'Bhavnagar', 12, 'Gujarat'),
(71, 'Bhilwara', 29, 'Rajasthan'),
(72, 'Bhimavaram', 2, 'Andhra Pradesh'),
(73, 'Bhiwani', 13, 'Haryana'),
(74, 'Bhojpur', 5, 'Bihar'),
(75, 'Bhopal', 20, 'Madhya Pradesh'),
(76, 'Bhubaneswar', 26, 'Odisha'),
(77, 'Bidar', 17, 'Karnataka'),
(78, 'Bijapur', 17, 'Karnataka'),
(79, 'Bijnor', 34, 'Uttar Pradesh'),
(80, 'Bikaner', 29, 'Rajasthan'),
(81, 'Bilaspur', 7, 'Chattisgarh'),
(82, 'Birbhum', 36, 'West Bengal'),
(83, 'Bishnupur', 22, 'Manipur'),
(84, 'Bongaigaon', 4, 'Assam'),
(85, 'Budaun', 34, 'Uttar Pradesh'),
(86, 'Budgam', 15, 'Jammu & Kashmir'),
(87, 'Bulandshahr', 34, 'Uttar Pradesh'),
(88, 'Buldhana', 21, 'Maharashtra'),
(89, 'Bundi', 29, 'Rajasthan'),
(90, 'Burdwan', 36, 'West Bengal'),
(91, 'Cachar', 4, 'Assam'),
(92, 'Calicut', 18, 'Kerala'),
(93, 'Carnicobar', 1, 'Andaman & Nicobar Islands'),
(94, 'Chamba', 14, 'Himachal Pradesh'),
(95, 'Chamoli', 35, 'Uttarakhand'),
(96, 'Champawat', 35, 'Uttarakhand'),
(97, 'Champhai', 24, 'Mizoram'),
(98, 'Chandauli', 34, 'Uttar Pradesh'),
(99, 'Chandel', 22, 'Manipur'),
(100, 'Chandigarh', 6, 'Chandigarh'),
(101, 'Chandrapur', 21, 'Maharashtra'),
(102, 'Changanacherry', 18, 'Kerala'),
(103, 'Changlang', 3, 'Arunachal Pradesh'),
(104, 'Channapatna', 17, 'Karnataka'),
(105, 'Chengalpattu', 31, 'Tamil Nadu'),
(106, 'Chennai City Central', 31, 'Tamil Nadu'),
(107, 'Chennai City North', 31, 'Tamil Nadu'),
(108, 'Chennai City South', 31, 'Tamil Nadu'),
(109, 'Chhatarpur', 20, 'Madhya Pradesh'),
(110, 'Chhindwara', 20, 'Madhya Pradesh'),
(111, 'Chikmagalur', 17, 'Karnataka'),
(112, 'Chikodi', 17, 'Karnataka'),
(113, 'Chitradurga', 17, 'Karnataka'),
(114, 'Chitrakoot', 34, 'Uttar Pradesh'),
(115, 'Chittoor', 2, 'Andhra Pradesh'),
(116, 'Chittorgarh', 29, 'Rajasthan'),
(117, 'Churachandpur', 22, 'Manipur'),
(118, 'Churu', 29, 'Rajasthan'),
(119, 'Coimbatore', 31, 'Tamil Nadu'),
(120, 'Contai', 36, 'West Bengal'),
(121, 'Cooch Behar', 36, 'West Bengal'),
(122, 'Cuddalore', 31, 'Tamil Nadu'),
(123, 'Cuddapah', 2, 'Andhra Pradesh'),
(124, 'Cuttack City', 26, 'Odisha'),
(125, 'Cuttack North', 26, 'Odisha'),
(126, 'Cuttack South', 26, 'Odisha'),
(127, 'Dadra & Nagar Haveli', 8, 'Dadra & Nagar Haveli'),
(128, 'Daman', 9, 'Daman & Diu'),
(129, 'Darbhanga', 5, 'Bihar'),
(130, 'Darjiling', 36, 'West Bengal'),
(131, 'Darrang', 4, 'Assam'),
(132, 'Dausa', 29, 'Rajasthan'),
(133, 'Dehra Gopipur', 14, 'Himachal Pradesh'),
(134, 'Dehradun', 35, 'Uttarakhand'),
(135, 'Delhi', 10, 'Delhi'),
(136, 'Deoria', 34, 'Uttar Pradesh'),
(137, 'Dhalai', 33, 'Tripura'),
(138, 'Dhanbad', 16, 'Jharkhand'),
(139, 'Dharamsala', 14, 'Himachal Pradesh'),
(140, 'Dharmapuri', 31, 'Tamil Nadu'),
(141, 'Dharwad', 17, 'Karnataka'),
(142, 'Dhemaji', 4, 'Assam'),
(143, 'Dhenkanal', 26, 'Odisha'),
(144, 'Dholpur', 29, 'Rajasthan'),
(145, 'Dhubri', 4, 'Assam'),
(146, 'Dhule', 21, 'Maharashtra'),
(147, 'Dibang Valley', 3, 'Arunachal Pradesh'),
(148, 'Dibrugarh', 4, 'Assam'),
(149, 'Diglipur', 1, 'Andaman & Nicobar Islands'),
(150, 'Dimapur', 25, 'Nagaland'),
(151, 'Dindigul', 31, 'Tamil Nadu'),
(152, 'Diu', 9, 'Daman & Diu'),
(153, 'Doda', 15, 'Jammu & Kashmir'),
(154, 'Dungarpur', 29, 'Rajasthan'),
(155, 'Durg', 7, 'Chattisgarh'),
(156, 'East Champaran', 5, 'Bihar'),
(157, 'East Garo Hills', 23, 'Meghalaya'),
(158, 'East Kameng', 3, 'Arunachal Pradesh'),
(159, 'East Khasi Hills', 23, 'Meghalaya'),
(160, 'East Siang', 3, 'Arunachal Pradesh'),
(161, 'East Sikkim', 30, 'Sikkim'),
(162, 'Eluru', 2, 'Andhra Pradesh'),
(163, 'Ernakulam', 18, 'Kerala'),
(164, 'Erode', 31, 'Tamil Nadu'),
(165, 'Etah', 34, 'Uttar Pradesh'),
(166, 'Etawah', 34, 'Uttar Pradesh'),
(167, 'Faizabad', 34, 'Uttar Pradesh'),
(168, 'Faridabad', 13, 'Haryana'),
(169, 'Faridkot', 28, 'Punjab'),
(170, 'Farrukhabad', 34, 'Uttar Pradesh'),
(171, 'Fatehgarh Sahib', 28, 'Punjab'),
(172, 'Fatehpur', 34, 'Uttar Pradesh'),
(173, 'Fazilka', 28, 'Punjab'),
(174, 'Ferrargunj', 1, 'Andaman & Nicobar Islands'),
(175, 'Firozabad', 34, 'Uttar Pradesh'),
(176, 'Firozpur', 28, 'Punjab'),
(177, 'Gadag', 17, 'Karnataka'),
(178, 'Gadchiroli', 21, 'Maharashtra'),
(179, 'Gandhinagar', 12, 'Gujarat'),
(180, 'Ganganagar', 29, 'Rajasthan'),
(181, 'Gautam Buddha Nagar', 34, 'Uttar Pradesh'),
(182, 'Gaya', 5, 'Bihar'),
(183, 'Ghaziabad', 34, 'Uttar Pradesh'),
(184, 'Ghazipur', 34, 'Uttar Pradesh'),
(185, 'Giridih', 16, 'Jharkhand'),
(186, 'Goa', 11, 'Goa'),
(187, 'Goalpara', 4, 'Assam'),
(188, 'Gokak', 17, 'Karnataka'),
(189, 'Golaghat', 4, 'Assam'),
(190, 'Gonda', 34, 'Uttar Pradesh'),
(191, 'Gondal', 12, 'Gujarat'),
(192, 'Gondia', 21, 'Maharashtra'),
(193, 'Gorakhpur', 34, 'Uttar Pradesh'),
(194, 'Gudivada', 2, 'Andhra Pradesh'),
(195, 'Gudur', 2, 'Andhra Pradesh'),
(196, 'Gulbarga', 17, 'Karnataka'),
(197, 'Guna', 20, 'Madhya Pradesh'),
(198, 'Guntur', 2, 'Andhra Pradesh'),
(199, 'Gurdaspur', 28, 'Punjab'),
(200, 'Gurugram', 13, 'Haryana'),
(201, 'Gwalior', 20, 'Madhya Pradesh'),
(202, 'Hailakandi', 4, 'Assam'),
(203, 'Hamirpur (HP)', 14, 'Himachal Pradesh'),
(204, 'Hamirpur (UP)', 34, 'Uttar Pradesh'),
(205, 'Hanamkonda', 32, 'Telangana'),
(206, 'Hanumangarh', 29, 'Rajasthan'),
(207, 'Hardoi', 34, 'Uttar Pradesh'),
(208, 'Haridwar', 35, 'Uttarakhand'),
(209, 'Hassan', 17, 'Karnataka'),
(210, 'Hathras', 34, 'Uttar Pradesh'),
(211, 'Haveri', 17, 'Karnataka'),
(212, 'Hazaribagh', 16, 'Jharkhand'),
(213, 'Hindupur', 2, 'Andhra Pradesh'),
(214, 'Hingoli', 21, 'Maharashtra'),
(215, 'Hissar', 13, 'Haryana'),
(216, 'Hooghly', 36, 'West Bengal'),
(217, 'Hoshangabad', 20, 'Madhya Pradesh'),
(218, 'Hoshiarpur', 28, 'Punjab'),
(219, 'Howrah', 36, 'West Bengal'),
(220, 'Hut Bay', 1, 'Andaman & Nicobar Islands'),
(221, 'Hyderabad City', 32, 'Telangana'),
(222, 'Hyderabad South East', 32, 'Telangana'),
(223, 'Idukki', 18, 'Kerala'),
(224, 'Imphal East', 22, 'Manipur'),
(225, 'Imphal West', 22, 'Manipur'),
(226, 'Indore City', 20, 'Madhya Pradesh'),
(227, 'Indore Moffusil', 20, 'Madhya Pradesh'),
(228, 'Irinjalakuda', 18, 'Kerala'),
(229, 'Jabalpur', 20, 'Madhya Pradesh'),
(230, 'Jaintia Hills', 23, 'Meghalaya'),
(231, 'Jaipur', 29, 'Rajasthan'),
(232, 'Jaisalmer', 29, 'Rajasthan'),
(233, 'Jalandhar', 28, 'Punjab'),
(234, 'Jalaun', 34, 'Uttar Pradesh'),
(235, 'Jalgaon', 21, 'Maharashtra'),
(236, 'Jalna', 21, 'Maharashtra'),
(237, 'Jalor', 29, 'Rajasthan'),
(238, 'Jalpaiguri', 36, 'West Bengal'),
(239, 'Jammu', 15, 'Jammu & Kashmir'),
(240, 'Jamnagar', 12, 'Gujarat'),
(241, 'Jaunpur', 34, 'Uttar Pradesh'),
(242, 'Jhalawar', 29, 'Rajasthan'),
(243, 'Jhansi', 34, 'Uttar Pradesh'),
(244, 'Jhujhunu', 29, 'Rajasthan'),
(245, 'Jodhpur', 29, 'Rajasthan'),
(246, 'Jorhat', 4, 'Assam'),
(247, 'Junagadh', 12, 'Gujarat'),
(248, 'Jyotiba Phule Nagar', 34, 'Uttar Pradesh'),
(249, 'Kakinada', 2, 'Andhra Pradesh'),
(250, 'Kalahandi', 26, 'Odisha'),
(251, 'Kamrup', 4, 'Assam'),
(252, 'Kanchipuram', 31, 'Tamil Nadu'),
(253, 'Kannauj', 34, 'Uttar Pradesh'),
(254, 'Kanniyakumari', 31, 'Tamil Nadu'),
(255, 'Kannur', 18, 'Kerala'),
(256, 'Kanpur Dehat', 34, 'Uttar Pradesh'),
(257, 'Kanpur Nagar', 34, 'Uttar Pradesh'),
(258, 'Kapurthala', 28, 'Punjab'),
(259, 'Karaikal', 27, 'Poducherry'),
(260, 'Karaikudi', 31, 'Tamil Nadu'),
(261, 'Karauli', 29, 'Rajasthan'),
(262, 'Karbi Anglong', 4, 'Assam'),
(263, 'Kargil', 15, 'Jammu & Kashmir'),
(264, 'Karimganj', 4, 'Assam'),
(265, 'Karimnagar', 32, 'Telangana'),
(266, 'Karnal', 13, 'Haryana'),
(267, 'Karur', 31, 'Tamil Nadu'),
(268, 'Karwar', 17, 'Karnataka'),
(269, 'Kasaragod', 18, 'Kerala'),
(270, 'Kathua', 15, 'Jammu & Kashmir'),
(271, 'Kaushambi', 34, 'Uttar Pradesh'),
(272, 'Keonjhar', 26, 'Odisha'),
(273, 'Khammam (AP)', 2, 'Andhra Pradesh'),
(274, 'Khammam (TL)', 32, 'Telangana'),
(275, 'Khandwa', 20, 'Madhya Pradesh'),
(276, 'Kheda', 12, 'Gujarat'),
(277, 'Kheri', 34, 'Uttar Pradesh'),
(278, 'Kiphire', 25, 'Nagaland'),
(279, 'Kodagu', 17, 'Karnataka'),
(280, 'Kohima', 25, 'Nagaland'),
(281, 'Kokrajhar', 4, 'Assam'),
(282, 'Kolar', 17, 'Karnataka'),
(283, 'Kolasib', 24, 'Mizoram'),
(284, 'Kolhapur', 21, 'Maharashtra'),
(285, 'Kolkata', 36, 'West Bengal'),
(286, 'Koraput', 26, 'Odisha'),
(287, 'Kota', 29, 'Rajasthan'),
(288, 'Kottayam', 18, 'Kerala'),
(289, 'Kovilpatti', 31, 'Tamil Nadu'),
(290, 'Krishnagiri', 31, 'Tamil Nadu'),
(291, 'Kulgam', 15, 'Jammu & Kashmir'),
(292, 'Kumbakonam', 31, 'Tamil Nadu'),
(293, 'Kupwara', 15, 'Jammu & Kashmir'),
(294, 'Kurnool', 2, 'Andhra Pradesh'),
(295, 'Kurukshetra', 13, 'Haryana'),
(296, 'Kurung Kumey', 3, 'Arunachal Pradesh'),
(297, 'Kushinagar', 34, 'Uttar Pradesh'),
(298, 'Kutch', 12, 'Gujarat'),
(299, 'Lakhimpur', 4, 'Assam'),
(300, 'Lakshadweep', 19, 'Lakshadweep'),
(301, 'Lalitpur', 34, 'Uttar Pradesh'),
(302, 'Latur', 21, 'Maharashtra'),
(303, 'Lawngtlai', 24, 'Mizoram'),
(304, 'Leh', 15, 'Jammu & Kashmir'),
(305, 'Lohit', 3, 'Arunachal Pradesh'),
(306, 'Longleng', 25, 'Nagaland'),
(307, 'Lower Subansiri', 3, 'Arunachal Pradesh'),
(308, 'Lucknow', 34, 'Uttar Pradesh'),
(309, 'Ludhiana', 28, 'Punjab'),
(310, 'Lunglei', 24, 'Mizoram'),
(311, 'Machilipatnam', 2, 'Andhra Pradesh'),
(312, 'Madhubani', 5, 'Bihar'),
(313, 'Madurai', 31, 'Tamil Nadu'),
(314, 'Mahabubnagar', 32, 'Telangana'),
(315, 'Maharajganj', 34, 'Uttar Pradesh'),
(316, 'Mahesana', 12, 'Gujarat'),
(317, 'Mahoba', 34, 'Uttar Pradesh'),
(318, 'Mainpuri', 34, 'Uttar Pradesh'),
(319, 'Malda', 36, 'West Bengal'),
(320, 'Mammit', 24, 'Mizoram'),
(321, 'Mandi', 14, 'Himachal Pradesh'),
(322, 'Mandsaur', 20, 'Madhya Pradesh'),
(323, 'Mandya', 17, 'Karnataka'),
(324, 'Mangalore', 17, 'Karnataka'),
(325, 'Manjeri', 18, 'Kerala'),
(326, 'Mansa', 28, 'Punjab'),
(327, 'Marigaon', 4, 'Assam'),
(328, 'Mathura', 34, 'Uttar Pradesh'),
(329, 'Mau', 34, 'Uttar Pradesh'),
(330, 'Mavelikara', 18, 'Kerala'),
(331, 'Mayabander', 1, 'Andaman & Nicobar Islands'),
(332, 'Mayiladuthurai', 31, 'Tamil Nadu'),
(333, 'Mayurbhanj', 26, 'Odisha'),
(334, 'Medak', 32, 'Telangana'),
(335, 'Meerut', 34, 'Uttar Pradesh'),
(336, 'Meghalaya', 23, 'Meghalaya'),
(337, 'Midnapore', 36, 'West Bengal'),
(338, 'Mirzapur', 34, 'Uttar Pradesh'),
(339, 'Moga', 28, 'Punjab'),
(340, 'Mohali', 28, 'Punjab'),
(341, 'Mokokchung', 25, 'Nagaland'),
(342, 'Mon', 25, 'Nagaland'),
(343, 'Monghyr', 5, 'Bihar'),
(344, 'Moradabad', 34, 'Uttar Pradesh'),
(345, 'Morena', 20, 'Madhya Pradesh'),
(346, 'Muktsar', 28, 'Punjab'),
(347, 'Mumbai', 21, 'Maharashtra'),
(348, 'Murshidabad', 36, 'West Bengal'),
(349, 'Muzaffarnagar', 34, 'Uttar Pradesh'),
(350, 'Muzaffarpur', 5, 'Bihar'),
(351, 'Mysore', 17, 'Karnataka'),
(352, 'Nadia', 36, 'West Bengal'),
(353, 'Nagaon', 4, 'Assam'),
(354, 'Nagapattinam', 31, 'Tamil Nadu'),
(355, 'Nagaur', 29, 'Rajasthan'),
(356, 'Nagpur', 21, 'Maharashtra'),
(357, 'Nainital', 35, 'Uttarakhand'),
(358, 'Nalanda', 5, 'Bihar'),
(359, 'Nalbari', 4, 'Assam'),
(360, 'Nalgonda', 32, 'Telangana'),
(361, 'Namakkal', 31, 'Tamil Nadu'),
(362, 'Nancorie', 1, 'Andaman & Nicobar Islands'),
(363, 'Nancowrie', 1, 'Andaman & Nicobar Islands'),
(364, 'Nanded', 21, 'Maharashtra'),
(365, 'Nandurbar', 21, 'Maharashtra'),
(366, 'Nandyal', 2, 'Andhra Pradesh'),
(367, 'Nanjangud', 17, 'Karnataka'),
(368, 'Narasaraopet', 2, 'Andhra Pradesh'),
(369, 'Nashik', 21, 'Maharashtra'),
(370, 'Navsari', 12, 'Gujarat'),
(371, 'Nawadha', 5, 'Bihar'),
(372, 'Nawanshahr', 28, 'Punjab'),
(373, 'Nellore', 2, 'Andhra Pradesh'),
(374, 'Nilgiris', 31, 'Tamil Nadu'),
(375, 'Nizamabad', 32, 'Telangana'),
(376, 'North 24 Parganas', 36, 'West Bengal'),
(377, 'North Cachar Hills', 4, 'Assam'),
(378, 'North Dinajpur', 36, 'West Bengal'),
(379, 'North Sikkim', 30, 'Sikkim'),
(380, 'North Tripura', 33, 'Tripura'),
(381, 'Osmanabad', 21, 'Maharashtra'),
(382, 'Ottapalam', 18, 'Kerala'),
(383, 'Palamau', 16, 'Jharkhand'),
(384, 'Palghat', 18, 'Kerala'),
(385, 'Pali', 29, 'Rajasthan'),
(386, 'Panchmahals', 12, 'Gujarat'),
(387, 'Papum Pare', 3, 'Arunachal Pradesh'),
(388, 'Parbhani', 21, 'Maharashtra'),
(389, 'Parvathipuram', 2, 'Andhra Pradesh'),
(390, 'Patan', 12, 'Gujarat'),
(391, 'Pathanamthitta', 18, 'Kerala'),
(392, 'Patiala', 28, 'Punjab'),
(393, 'Patna', 5, 'Bihar'),
(394, 'Pattukottai', 31, 'Tamil Nadu'),
(395, 'Pauri Garhwal', 35, 'Uttarakhand'),
(396, 'Peddapalli', 32, 'Telangana'),
(397, 'Peren', 25, 'Nagaland'),
(398, 'Phek', 25, 'Nagaland'),
(399, 'Phulbani', 26, 'Odisha'),
(400, 'Pilibhit', 34, 'Uttar Pradesh'),
(401, 'Pithoragarh', 35, 'Uttarakhand'),
(402, 'Poducherry (PD)', 27, 'Poducherry'),
(403, 'Poducherry (TN)', 31, 'Tamil Nadu'),
(404, 'Pollachi', 31, 'Tamil Nadu'),
(405, 'Poonch', 15, 'Jammu & Kashmir'),
(406, 'Porbandar', 12, 'Gujarat'),
(407, 'Port Blair', 1, 'Andaman & Nicobar Islands'),
(408, 'Prakasam', 2, 'Andhra Pradesh'),
(409, 'Pratapgarh', 34, 'Uttar Pradesh'),
(410, 'Proddatur', 2, 'Andhra Pradesh'),
(411, 'Pudukkottai', 31, 'Tamil Nadu'),
(412, 'Pulwama', 15, 'Jammu & Kashmir'),
(413, 'Pune', 21, 'Maharashtra'),
(414, 'Puri', 26, 'Odisha'),
(415, 'Purnea', 5, 'Bihar'),
(416, 'Purulia', 36, 'West Bengal'),
(417, 'Puttur', 17, 'Karnataka'),
(418, 'Quilon', 18, 'Kerala'),
(419, 'Raebareli', 34, 'Uttar Pradesh'),
(420, 'Raichur', 17, 'Karnataka'),
(421, 'Raigarh (CT)', 7, 'Chattisgarh'),
(422, 'Raigarh (MH)', 21, 'Maharashtra'),
(423, 'Raipur', 7, 'Chattisgarh'),
(424, 'Rajahmundry', 2, 'Andhra Pradesh'),
(425, 'Rajauri', 15, 'Jammu & Kashmir'),
(426, 'Rajkot', 12, 'Gujarat'),
(427, 'Rajsamand', 29, 'Rajasthan'),
(428, 'Ramanathapuram', 31, 'Tamil Nadu'),
(429, 'Rampur', 34, 'Uttar Pradesh'),
(430, 'Rampur Bushahr', 14, 'Himachal Pradesh'),
(431, 'Ranchi', 16, 'Jharkhand'),
(432, 'Rangat', 1, 'Andaman & Nicobar Islands'),
(433, 'Ratlam', 20, 'Madhya Pradesh'),
(434, 'Ratnagiri', 21, 'Maharashtra'),
(435, 'Reasi', 15, 'Jammu & Kashmir'),
(436, 'Rewa', 20, 'Madhya Pradesh'),
(437, 'Ri Bhoi', 23, 'Meghalaya'),
(438, 'Rohtak', 13, 'Haryana'),
(439, 'Rohtas', 5, 'Bihar'),
(440, 'Ropar', 28, 'Punjab'),
(441, 'Rudraprayag', 35, 'Uttarakhand'),
(442, 'Rupnagar', 28, 'Punjab'),
(443, 'Sabarkantha', 12, 'Gujarat'),
(444, 'Sagar', 20, 'Madhya Pradesh'),
(445, 'Saharanpur', 34, 'Uttar Pradesh'),
(446, 'Saharsa', 5, 'Bihar'),
(447, 'Salem East', 31, 'Tamil Nadu'),
(448, 'Salem West', 31, 'Tamil Nadu'),
(449, 'Samastipur', 5, 'Bihar'),
(450, 'Sambalpur', 26, 'Odisha'),
(451, 'Sangareddy', 32, 'Telangana'),
(452, 'Sangli', 21, 'Maharashtra'),
(453, 'Sangrur', 28, 'Punjab'),
(454, 'Sant Kabir Nagar', 34, 'Uttar Pradesh'),
(455, 'Sant Ravidas Nagar', 34, 'Uttar Pradesh'),
(456, 'Santhal Parganas', 16, 'Jharkhand'),
(457, 'Saran', 5, 'Bihar'),
(458, 'Satara', 21, 'Maharashtra'),
(459, 'Sawai Madhopur', 29, 'Rajasthan'),
(460, 'Secunderabad', 32, 'Telangana'),
(461, 'Sehore', 20, 'Madhya Pradesh'),
(462, 'Senapati', 22, 'Manipur'),
(463, 'Serchhip', 24, 'Mizoram'),
(464, 'Shahdol', 20, 'Madhya Pradesh'),
(465, 'Shahjahanpur', 34, 'Uttar Pradesh'),
(466, 'Shimla', 14, 'Himachal Pradesh'),
(467, 'Shimoga', 17, 'Karnataka'),
(468, 'Shrawasti', 34, 'Uttar Pradesh'),
(469, 'Sibsagar', 4, 'Assam'),
(470, 'Siddharthnagar', 34, 'Uttar Pradesh'),
(471, 'Sikar', 29, 'Rajasthan'),
(472, 'Sindhudurg', 21, 'Maharashtra'),
(473, 'Singhbhum', 16, 'Jharkhand'),
(474, 'Sirohi', 29, 'Rajasthan'),
(475, 'Sirsi', 17, 'Karnataka'),
(476, 'Sitamarhi', 5, 'Bihar'),
(477, 'Sitapur', 34, 'Uttar Pradesh'),
(478, 'Sivaganga', 31, 'Tamil Nadu'),
(479, 'Siwan', 5, 'Bihar'),
(480, 'Solan', 14, 'Himachal Pradesh'),
(481, 'Solapur', 21, 'Maharashtra'),
(482, 'Sonbhadra', 34, 'Uttar Pradesh'),
(483, 'Sonepat', 13, 'Haryana'),
(484, 'Sonitpur', 4, 'Assam'),
(485, 'South 24 Parganas', 36, 'West Bengal'),
(486, 'South Dinajpur', 36, 'West Bengal'),
(487, 'South Garo Hills', 23, 'Meghalaya'),
(488, 'South Sikkim', 30, 'Sikkim'),
(489, 'South Tripura', 33, 'Tripura'),
(490, 'Srikakulam', 2, 'Andhra Pradesh'),
(491, 'Srinagar', 15, 'Jammu & Kashmir'),
(492, 'Srirangam', 31, 'Tamil Nadu'),
(493, 'Sultanpur', 34, 'Uttar Pradesh'),
(494, 'Sundargarh', 26, 'Odisha'),
(495, 'Surat', 12, 'Gujarat'),
(496, 'Surendranagar', 12, 'Gujarat'),
(497, 'Suryapet', 32, 'Telangana'),
(498, 'Tadepalligudem', 2, 'Andhra Pradesh'),
(499, 'Tambaram', 31, 'Tamil Nadu'),
(500, 'Tamenglong', 22, 'Manipur'),
(501, 'Tamluk', 36, 'West Bengal'),
(502, 'Tarn Taran', 28, 'Punjab'),
(503, 'Tawang', 3, 'Arunachal Pradesh'),
(504, 'Tehri Garhwal', 35, 'Uttarakhand'),
(505, 'Tenali', 2, 'Andhra Pradesh'),
(506, 'Thalassery', 18, 'Kerala'),
(507, 'Thane', 21, 'Maharashtra'),
(508, 'Thanjavur', 31, 'Tamil Nadu'),
(509, 'Theni', 31, 'Tamil Nadu'),
(510, 'Thoubal', 22, 'Manipur'),
(511, 'Tinsukia', 4, 'Assam'),
(512, 'Tirap', 3, 'Arunachal Pradesh'),
(513, 'Tiruchirapalli', 31, 'Tamil Nadu'),
(514, 'Tirunelveli', 31, 'Tamil Nadu'),
(515, 'Tirupati', 2, 'Andhra Pradesh'),
(516, 'Tirupattur', 31, 'Tamil Nadu'),
(517, 'Tirupur', 31, 'Tamil Nadu'),
(518, 'Tirur', 18, 'Kerala'),
(519, 'Tiruvalla', 18, 'Kerala'),
(520, 'Tiruvannamalai', 31, 'Tamil Nadu'),
(521, 'Tonk', 29, 'Rajasthan'),
(522, 'Trichur', 18, 'Kerala'),
(523, 'Trivandrum North', 18, 'Kerala'),
(524, 'Trivandrum South', 18, 'Kerala'),
(525, 'Tuensang', 25, 'Nagaland'),
(526, 'Tumkur', 17, 'Karnataka'),
(527, 'Tuticorin', 31, 'Tamil Nadu'),
(528, 'Udaipur', 29, 'Rajasthan'),
(529, 'Udham Singh Nagar', 35, 'Uttarakhand'),
(530, 'Udhampur', 15, 'Jammu & Kashmir'),
(531, 'Udupi', 17, 'Karnataka'),
(532, 'Ujjain', 20, 'Madhya Pradesh'),
(533, 'Ukhrul', 22, 'Manipur'),
(534, 'Una', 14, 'Himachal Pradesh'),
(535, 'Unnao', 34, 'Uttar Pradesh'),
(536, 'Upper Siang', 3, 'Arunachal Pradesh'),
(537, 'Upper Subansiri', 3, 'Arunachal Pradesh'),
(538, 'Uttarkashi', 35, 'Uttarakhand'),
(539, 'Vadakara', 18, 'Kerala'),
(540, 'Vadodara East', 12, 'Gujarat'),
(541, 'Vadodara West', 12, 'Gujarat'),
(542, 'Vaishali', 5, 'Bihar'),
(543, 'Valsad', 12, 'Gujarat'),
(544, 'Varanasi', 34, 'Uttar Pradesh'),
(545, 'Vellore', 31, 'Tamil Nadu'),
(546, 'Vidisha', 20, 'Madhya Pradesh'),
(547, 'Vijayawada', 2, 'Andhra Pradesh'),
(548, 'Virudhunagar', 31, 'Tamil Nadu'),
(549, 'Visakhapatnam', 2, 'Andhra Pradesh'),
(550, 'Vizianagaram', 2, 'Andhra Pradesh'),
(551, 'Vriddhachalam', 31, 'Tamil Nadu'),
(552, 'Wanaparthy', 32, 'Telangana'),
(553, 'Warangal', 32, 'Telangana'),
(554, 'Wardha', 21, 'Maharashtra'),
(555, 'Washim', 21, 'Maharashtra'),
(556, 'West Champaran', 5, 'Bihar'),
(557, 'West Garo Hills', 23, 'Meghalaya'),
(558, 'West Kameng', 3, 'Arunachal Pradesh'),
(559, 'West Khasi Hills', 23, 'Meghalaya'),
(560, 'West Siang', 3, 'Arunachal Pradesh'),
(561, 'West Sikkim', 30, 'Sikkim'),
(562, 'West Tripura', 33, 'Tripura'),
(563, 'Wokha', 25, 'Nagaland'),
(564, 'Yavatmal', 21, 'Maharashtra'),
(565, 'Zunhebotto', 25, 'Nagaland');

-- --------------------------------------------------------

--
-- Table structure for table `contact_us`
--

CREATE TABLE `contact_us` (
  `sr` int(11) NOT NULL,
  `name` varchar(30) NOT NULL,
  `email` varchar(40) NOT NULL,
  `message` varchar(500) NOT NULL
) ENGINE=InnoDB DEFAULT CHARSET=latin1;

-- --------------------------------------------------------

--
-- Table structure for table `doc_upload`
--

CREATE TABLE `doc_upload` (
  `doc_id` int(11) NOT NULL,
  `docFile` varchar(80) NOT NULL,
  `ngo_id` int(11) NOT NULL,
  `description` varchar(2000) DEFAULT NULL
) ENGINE=InnoDB DEFAULT CHARSET=latin1;

--
-- Dumping data for table `doc_upload`
--

INSERT INTO `doc_upload` (`doc_id`, `docFile`, `ngo_id`, `description`) VALUES
(51, '1556253357.BingWallpaper-2018-05-17.jpg', 3, 'eagle'),
(54, '1556253553.ele.jpg', 3, 'save jungle'),
(55, '1556253583.mon.jpg', 3, 'they need our help'),
(56, '1556257104.BingWallpaper-2018-04-07.jpg', 4, 'jungle is in danager.'),
(58, '1556257248.about.png', 4, 'about'),
(59, '1556257261.bg.jpg', 4, 'sky'),
(60, '1556257305.login.png', 1, 'login'),
(61, '1556257317.pexels-photo-414612.jpg', 1, 'pool'),
(62, '1556257332.free-website-for-ngo.jpg', 1, 'helping hands'),
(63, '1556258530.about.png', 5, 'about us'),
(64, '1556258543.bg.jpg', 5, 'beautiful sky'),
(65, '1556258567.free-website-for-ngo.jpg', 5, 'if you need help well help');

-- --------------------------------------------------------

--
-- Table structure for table `members_ngo`
--

CREATE TABLE `members_ngo` (
  `ngo_id` int(11) NOT NULL,
  `chairman` varchar(80) NOT NULL,
  `president` varchar(80) NOT NULL,
  `secretary` varchar(80) NOT NULL
) ENGINE=InnoDB DEFAULT CHARSET=latin1;

--
-- Dumping data for table `members_ngo`
--

INSERT INTO `members_ngo` (`ngo_id`, `chairman`, `president`, `secretary`) VALUES
(1, 'SURESHBHAI HARILAL SONI', 'INDIRABEN SURESHBHAI SONI', 'SUBHASHBHAI JASVANTBHAI THAKKAR'),
(3, 'PURUSHOTTAMDAS VITTHALDAS SUTHAR', 'PURUSHOTTAMDAS VITTHALDAS SUTHAR', 'SUKETUKUMAR JAYANTILAL SUTHAR'),
(4, 'NARENDRA MODI', 'AMIT SHAH', 'RAHUL GANDHI'),
(5, 'DIP PATEL', 'JAMIL PATEL', 'BINIT PATEL');

-- --------------------------------------------------------

--
-- Table structure for table `ngo`
--

CREATE TABLE `ngo` (
  `id` int(11) NOT NULL,
  `name` varchar(255) NOT NULL,
  `reg_id` varchar(255) NOT NULL,
  `email` varchar(255) NOT NULL,
  `password` varchar(40) NOT NULL,
  `mobile` varchar(13) NOT NULL,
  `pan` varchar(10) NOT NULL,
  `address` varchar(255) NOT NULL,
  `state` varchar(100) NOT NULL,
  `city` varchar(100) NOT NULL,
  `sectors` varchar(255) NOT NULL,
  `ngo_type` varchar(255) NOT NULL,
  `register_date` timestamp NOT NULL DEFAULT CURRENT_TIMESTAMP,
  `update_date` datetime NOT NULL DEFAULT CURRENT_TIMESTAMP ON UPDATE CURRENT_TIMESTAMP
) ENGINE=InnoDB DEFAULT CHARSET=latin1;

--
-- Dumping data for table `ngo`
--

INSERT INTO `ngo` (`id`, `name`, `reg_id`, `email`, `password`, `mobile`, `pan`, `address`, `state`, `city`, `sectors`, `ngo_type`, `register_date`, `update_date`) VALUES
(1, 'SAHYOG KUSHTHAYAGNA TRUST', 'E/3982,BARODA', 'rameshsp89@gmail.com', '6b4703eb230da465a8afce23a8f276c612edf61b', '9825011185', 'SAHYOG9656', 'SAHYOG KUSHTHAYAGNA TRUST,RAJENDRANAGAR CROSSING, AHMEDABAD-UDAIPUR N.H. 8, TA.:HIMATNAGAR, DIST.: SABARKANTHA, GUJARAT, 383276.', '12', '443', 'Dalit Upliftment', 'Trust (Non-Government)', '2019-04-26 04:06:36', '2019-04-26 09:40:18'),
(3, 'SKYNET FOUNDATION', 'F/4028/SABARKANTHA', 'support@skynetfoundation.org', 'fd1c35bc62d78bd9de4b0bf57db605ecb02a36ab', '	8866118166', 'SKYNET123', '4/FF/B, Rajmilan Plaza, Sahakari Jin Road, Himatnagar - 383001, Sabarkantha - Gujarat.', '12', '443', 'Children', 'Private Sector Companies (Sec 25)', '2019-04-26 04:28:51', '2019-04-26 09:59:40'),
(4, 'SAMARTH trust', 'SAMARTH456', 'samarth@gmail.com', '76cdfedecdff84da3478ef752990631998fcd13f', '9854662512', 'SAMA5642', 'hajipur', '12', '443', 'Health & Family Welfare', 'Private Sector Companies (Sec 25)', '2019-04-26 05:17:14', '2019-04-26 10:47:14'),
(5, 'VIVIDHLAXMI', 'VVD123', 'dippatel6065@gmail.com', '6b665e89f23e1731f93655ac8d4d94bedf4e1042', '7359436501', 'VIVID123', 'UDAYPUR', '29', '528', 'Housing', 'Private Sector Companies (Sec 25)', '2019-04-26 05:59:14', '2019-04-26 11:29:14');

-- --------------------------------------------------------

--
-- Table structure for table `payment_details`
--

CREATE TABLE `payment_details` (
  `id` int(11) NOT NULL,
  `merchant_key` varchar(8) NOT NULL,
  `merchant_salt` varchar(10) NOT NULL,
  `ngo_id` int(13) NOT NULL
) ENGINE=InnoDB DEFAULT CHARSET=latin1;

--
-- Dumping data for table `payment_details`
--

INSERT INTO `payment_details` (`id`, `merchant_key`, `merchant_salt`, `ngo_id`) VALUES
(4, '4g4YanjG', '9uIsdZAgR0', 1),
(5, '7spGZETe', 'swqBHKUdSw', 3),
(6, 'WVvx4RIt', 'WogOXCLiCm', 4),
(7, 'AhROMHct', 'AS87lQfiQj', 5);

-- --------------------------------------------------------

--
-- Table structure for table `sectors`
--

CREATE TABLE `sectors` (
  `id` varchar(2) NOT NULL,
  `name` varchar(150) NOT NULL
) ENGINE=InnoDB DEFAULT CHARSET=latin1;

--
-- Dumping data for table `sectors`
--

INSERT INTO `sectors` (`id`, `name`) VALUES
('1', 'Agriculture'),
('2', 'Animal Husbandry, Dairying & Fisheries'),
('3', 'Art & Culture'),
('4', 'Biotechnology'),
('5', 'Children'),
('6', 'Civic Issues'),
('7', 'Dalit Upliftment'),
('8', 'Differently Abled'),
('9', 'Disaster Management'),
('10', 'Drinking Water'),
('11', 'Education & Literacy'),
('12', 'Aged/Elderly'),
('13', 'Environment & Forests'),
('14', 'Food Processing'),
('15', 'Health & Family Welfare'),
('16', 'HIV/AIDS'),
('17', 'Housing'),
('18', 'Human Rights'),
('19', 'Information & Communication Technology'),
('20', 'Labour & Employment'),
('21', 'Land Resources'),
('22', 'Legal Awareness & Aid'),
('23', 'Micro Finance (SHGs)'),
('24', 'Micro Small & Medium Enterprises'),
('25', 'Minority Issues'),
('26', 'New & Renewable Energy'),
('27', 'Nutrition'),
('28', 'Panchayati Raj'),
('29', 'Prisoner\'s Issues'),
('30', 'Right to Information & Advocacy'),
('31', 'Rural Development & Poverty Alleviation'),
('32', 'Science & Technology'),
('33', 'Scientific & Industrial Research'),
('34', 'Sports'),
('35', 'Tourism'),
('36', 'Tribal Affairs'),
('37', 'Urban Development & Poverty Alleviation'),
('38', 'Vocational Training'),
('39', 'Water Resources'),
('40', 'Women\'s Development & Empowerment'),
('41', 'Youth Affairs'),
('42', 'Any Other');

-- --------------------------------------------------------

--
-- Table structure for table `transaction_history`
--

CREATE TABLE `transaction_history` (
  `id` int(11) NOT NULL,
  `ngo_id` int(13) NOT NULL,
  `ngo_name` varchar(300) NOT NULL,
  `amount` varchar(10) NOT NULL,
  `donor_name` varchar(90) NOT NULL,
  `email` varchar(90) NOT NULL,
  `address` varchar(300) NOT NULL,
  `transaction_id` varchar(25) NOT NULL,
  `transaction_date` timestamp NOT NULL DEFAULT CURRENT_TIMESTAMP
) ENGINE=InnoDB DEFAULT CHARSET=latin1;

--
-- Dumping data for table `transaction_history`
--

INSERT INTO `transaction_history` (`id`, `ngo_id`, `ngo_name`, `amount`, `donor_name`, `email`, `address`, `transaction_id`, `transaction_date`) VALUES
(1, 3, 'SKYNET FOUNDATION', '500.00', 'harsh', 'dhavalprajapati290@gmail.com', 'hmt', '05e822e9943dcbd58892', '2019-04-26 05:28:38'),
(2, 1, 'SAHYOG KUSHTHAYAGNA TRUST', '50000.00', 'harsh', 'bhattharsh610@gmail.com', 'gota ahmedabad', 'fdd5e832985a11288b5b', '2019-04-26 06:12:45');

-- --------------------------------------------------------

--
-- Table structure for table `vol_details`
--

CREATE TABLE `vol_details` (
  `sr` int(11) NOT NULL,
  `name` varchar(20) NOT NULL,
  `email` varchar(50) NOT NULL,
  `mobile` int(10) NOT NULL,
  `sex` varchar(15) NOT NULL,
  `state` varchar(20) NOT NULL,
  `city` varchar(20) NOT NULL,
  `address` varchar(300) NOT NULL,
  `occupation` varchar(80) NOT NULL,
  `bday` date NOT NULL,
  `rel_ngo` varchar(100) NOT NULL,
  `status` varchar(3) NOT NULL DEFAULT '0'
) ENGINE=InnoDB DEFAULT CHARSET=latin1;

--
-- Dumping data for table `vol_details`
--

INSERT INTO `vol_details` (`sr`, `name`, `email`, `mobile`, `sex`, `state`, `city`, `address`, `occupation`, `bday`, `rel_ngo`, `status`) VALUES
(1, 'Dip', 'dippatel6065@gmail.com', 2147483647, 'Male', '12', '4', 'vijapur', 'student', '2019-04-03', '1', 'acc'),
(2, 'jay', 'pjay5095@gmail.com', 735946501, 'Male', '12', '443', 'umiyavijay', 'student', '2019-04-10', '4', '0'),
(3, 'harsh', 'bhattharsh610@gmail.com', 2147483647, 'Male', '12', '4', 'gota', 'student', '2019-04-07', '4', '0'),
(4, 'mihir', 'mihir@gmail.com', 2147483647, 'Male', '12', '443', 'khedbrahma', 'student', '2019-04-03', '3', '0'),
(5, 'dhara', 'dhara@gmail.com', 2147483647, 'Female', '12', '4', 'dholka', 'student', '0000-00-00', '3', '0'),
(6, 'nidhi', 'nidhi@gmail.com', 1156454221, 'Female', '12', '4', 'minanagar', 'developer', '2019-02-13', '3', '0'),
(7, 'darshit', 'darshit@gmail.com', 2147483647, 'Male', '12', '4', 'ghodasar', 'html dev', '2019-04-25', '4', '0'),
(8, 'binit', 'pjay5095@gmail.com', 2147483647, 'Male', '12', '443', 'vishnu', 'student', '2019-04-11', '1', '0'),
(9, 'vakar', 'vakar@gmail.com', 2147483647, 'Male', '12', '443', 'pologround', 'student', '2019-04-17', '1', '0'),
(10, 'jamil', 'jamil@gmail.com', 2147483647, 'Male', '29', '528', 'eklingpura', 'student', '2019-04-24', '5', '0'),
(11, 'pragati', 'pragati@gmail.com', 2147483647, 'Female', '12', '443', 'hmt', 'student', '2019-04-12', '5', '0');

--
-- Indexes for dumped tables
--

--
-- Indexes for table `admin_login`
--
ALTER TABLE `admin_login`
  ADD UNIQUE KEY `email` (`email`);

--
-- Indexes for table `cities`
--
ALTER TABLE `cities`
  ADD PRIMARY KEY (`city_id`);

--
-- Indexes for table `contact_us`
--
ALTER TABLE `contact_us`
  ADD PRIMARY KEY (`sr`);

--
-- Indexes for table `doc_upload`
--
ALTER TABLE `doc_upload`
  ADD PRIMARY KEY (`doc_id`);

--
-- Indexes for table `members_ngo`
--
ALTER TABLE `members_ngo`
  ADD PRIMARY KEY (`ngo_id`);

--
-- Indexes for table `ngo`
--
ALTER TABLE `ngo`
  ADD PRIMARY KEY (`id`);

--
-- Indexes for table `payment_details`
--
ALTER TABLE `payment_details`
  ADD PRIMARY KEY (`id`),
  ADD UNIQUE KEY `ngo_id` (`ngo_id`);

--
-- Indexes for table `transaction_history`
--
ALTER TABLE `transaction_history`
  ADD PRIMARY KEY (`id`);

--
-- Indexes for table `vol_details`
--
ALTER TABLE `vol_details`
  ADD PRIMARY KEY (`sr`);

--
-- AUTO_INCREMENT for dumped tables
--

--
-- AUTO_INCREMENT for table `contact_us`
--
ALTER TABLE `contact_us`
  MODIFY `sr` int(11) NOT NULL AUTO_INCREMENT;

--
-- AUTO_INCREMENT for table `doc_upload`
--
ALTER TABLE `doc_upload`
  MODIFY `doc_id` int(11) NOT NULL AUTO_INCREMENT, AUTO_INCREMENT=66;

--
-- AUTO_INCREMENT for table `ngo`
--
ALTER TABLE `ngo`
  MODIFY `id` int(11) NOT NULL AUTO_INCREMENT, AUTO_INCREMENT=6;

--
-- AUTO_INCREMENT for table `payment_details`
--
ALTER TABLE `payment_details`
  MODIFY `id` int(11) NOT NULL AUTO_INCREMENT, AUTO_INCREMENT=8;

--
-- AUTO_INCREMENT for table `transaction_history`
--
ALTER TABLE `transaction_history`
  MODIFY `id` int(11) NOT NULL AUTO_INCREMENT, AUTO_INCREMENT=3;

--
-- AUTO_INCREMENT for table `vol_details`
--
ALTER TABLE `vol_details`
  MODIFY `sr` int(11) NOT NULL AUTO_INCREMENT, AUTO_INCREMENT=12;
COMMIT;

/*!40101 SET CHARACTER_SET_CLIENT=@OLD_CHARACTER_SET_CLIENT */;
/*!40101 SET CHARACTER_SET_RESULTS=@OLD_CHARACTER_SET_RESULTS */;
/*!40101 SET COLLATION_CONNECTION=@OLD_COLLATION_CONNECTION */;
